GEOID,year,scenario,iso,state_abb,label,raw_spatial_share,MW_peak_total,MW_canonical,GW_canonical,gamma,gw,rank
51107,2025,mid,PJM,VA,"Loudoun, VA",0.15649127537161558,5733.900012532796,4654.439098121974,4.654439098121974,1.014673443943608,4.654439098121974,1
51153,2025,mid,PJM,VA,"Prince William, VA",0.0528554803146626,1936.644956844932,1572.0532249633882,1.5720532249633883,1.014673443943608,1.5720532249633883,2
04013,2025,mid,Non-ISO,AZ,"Maricopa, AZ",0.04381867534902,1605.5329764312753,1284.429206889275,1.284429206889275,1.0,1.284429206889275,3
19153,2025,mid,MISO,IA,"Polk, IA",0.03754980313319494,1375.8391076099754,1121.8912596197765,1.1218912596197765,1.019276877337681,1.1218912596197765,4
31153,2025,mid,SPP,NE,"Sarpy, NE",0.025505791324415057,934.5419215699536,762.0472537511406,0.7620472537511406,1.019276877337681,0.7620472537511406,5
53025,2025,mid,Non-ISO,WA,"Grant, WA",0.025393316405702228,930.420797652434,744.3382756661533,0.7443382756661533,1.0,0.7443382756661533,6
41049,2025,mid,Non-ISO,OR,"Morrow, OR",0.024962250133812418,914.6263650495812,731.7027017856086,0.7317027017856086,1.0,0.7317027017856086,7
06085,2025,mid,CAISO,CA,"Santa Clara, CA",0.024390555482272105,893.6792549832362,717.8933449489,0.7178933449489,1.0041239090821903,0.7178933449489,8
17031,2025,mid,PJM,IL,"Cook, IL",0.023422649476997057,858.2148098082703,696.6477539943114,0.6966477539943114,1.014673443943608,0.6966477539943114,9
41013,2025,mid,Non-ISO,OR,"Crook, OR",0.022869133030458243,837.9337561060158,670.3484796514678,0.6703484796514677,1.0,0.6703484796514677,10
39089,2025,mid,PJM,OH,"Licking, OH",0.022438211723825357,822.144635085464,667.3681308514305,0.6673681308514304,1.014673443943608,0.6673681308514304,11
41059,2025,mid,Non-ISO,OR,"Umatilla, OR",0.021984687917551024,805.5273498578686,644.4232976175493,0.6444232976175494,1.0,0.6444232976175494,12
41067,2025,mid,Non-ISO,OR,"Washington, OR",0.021341573716101434,781.9634002447345,625.5720964543996,0.6255720964543996,1.0,0.6255720964543996,13
19155,2025,mid,SPP,IA,"Pottawattamie, IA",0.019550419242911694,716.3348172334311,584.1160975657745,0.5841160975657744,1.019276877337681,0.5841160975657744,14
48029,2025,mid,ERCOT,TX,"Bexar, TX",0.019357295319599017,709.2586830293143,578.3460528915206,0.5783460528915205,1.019276877337681,0.5783460528915205,15
35061,2025,mid,Non-ISO,NM,"Valencia, NM",0.018300269068328493,670.5288380522385,536.4242505751419,0.5364242505751419,1.0,0.5364242505751419,16
39049,2025,mid,PJM,OH,"Franklin, OH",0.01773340659201884,649.7587807292484,527.4355441783139,0.5274355441783138,1.014673443943608,0.5274355441783138,17
48439,2025,mid,ERCOT,TX,"Tarrant, TX",0.01587954256477311,581.8324957410538,474.4397712815214,0.4744397712815214,1.019276877337681,0.4744397712815214,18
32003,2025,mid,CAISO,NV,"Clark, NV",0.015110987916272656,553.6723603072787,444.76550231011106,0.4447655023101111,1.0041239090821903,0.4447655023101111,19
34023,2025,mid,PJM,NJ,"Middlesex, NJ",0.0146127213856441,535.4156845952859,434.61861746473693,0.43461861746473696,1.014673443943608,0.43461861746473696,20
45015,2025,mid,Non-ISO,SC,"Berkeley, SC",0.012819313910753059,469.704550742393,375.7644672757423,0.37576446727574225,1.0,0.37576446727574225,21
48113,2025,mid,ERCOT,TX,"Dallas, TX",0.012135838965689318,444.6617680903854,362.5875644531378,0.36258756445313783,1.019276877337681,0.36258756445313783,22
13121,2025,mid,Non-ISO,GA,"Fulton, GA",0.012013980267759026,440.1968189235358,352.15822988693424,0.35215822988693424,1.0,0.35215822988693424,23
47165,2025,mid,Non-ISO,TN,"Sumner, TN",0.011354536633080704,416.0345526491532,332.82837434174604,0.33282837434174606,1.0,0.33282837434174606,24
51087,2025,mid,PJM,VA,"Henrico, VA",0.011022007971633281,403.8505756733561,327.8218847738207,0.32782188477382074,1.014673443943608,0.32782188477382074,25
01089,2025,mid,Non-ISO,AL,"Madison, AL",0.010990003373898157,402.6779150063716,322.14304071978677,0.3221430407197868,1.0,0.3221430407197868,26
13217,2025,mid,Non-ISO,GA,"Newton, GA",0.010670952964074273,390.9877863104201,312.79091718835383,0.31279091718835383,1.0,0.31279091718835383,27
17037,2025,mid,PJM,IL,"DeKalb, IL",0.01030045196848185,377.41248852959495,306.36101761315985,0.30636101761315987,1.014673443943608,0.30636101761315987,28
34017,2025,mid,PJM,NJ,"Hudson, NJ",0.010186642161361543,373.2424537917232,302.9760313591175,0.3029760313591175,1.014673443943608,0.3029760313591175,29
51117,2025,mid,PJM,VA,"Mecklenburg, VA",0.00984326696003529,360.66105545809336,292.7632002694407,0.2927632002694407,1.014673443943608,0.2927632002694407,30
13097,2025,mid,Non-ISO,GA,"Douglas, GA",0.00988430631056723,362.1647529132431,289.7324397419618,0.2897324397419618,1.0,0.2897324397419618,31
49049,2025,mid,Non-ISO,UT,"Utah, UT",0.00966027935370393,353.9563197739784,283.16567878367596,0.28316567878367593,1.0,0.28316567878367593,32
51059,2025,mid,PJM,VA,"Fairfax, VA",0.008609794659651926,315.4661599482197,256.07667133853704,0.25607667133853707,1.014673443943608,0.25607667133853707,33
51600,2025,mid,PJM,VA,"Fairfax, VA",0.008609794659651926,315.4661599482197,256.07667133853704,0.25607667133853707,1.014673443943608,0.25607667133853707,34
53017,2025,mid,Non-ISO,WA,"Douglas, WA",0.008687876571160479,318.3271109649093,254.66224902887524,0.25466224902887524,1.0,0.25466224902887524,35
17043,2025,mid,PJM,IL,"DuPage, IL",0.00815935740530618,298.96196716044227,242.67954895648109,0.24267954895648108,1.014673443943608,0.24267954895648108,36
48139,2025,mid,ERCOT,TX,"Ellis, TX",0.008109265868821268,297.12659415963714,242.2839466798949,0.24228394667989492,1.019276877337681,0.24228394667989492,37
34035,2025,mid,PJM,NJ,"Somerset, NJ",0.00798591256996184,292.6068822447304,237.5208688890014,0.2375208688890014,1.014673443943608,0.2375208688890014,38
32029,2025,mid,Non-ISO,NV,"Storey, NV",0.007950861124540937,291.32258391652687,233.05857986209713,0.23305857986209713,1.0,0.23305857986209713,39
19181,2025,mid,MISO,IA,"Warren, IA",0.007366747782657801,269.920448299759,220.09942155677962,0.2200994215567796,1.019276877337681,0.2200994215567796,40
48085,2025,mid,ERCOT,TX,"Collin, TX",0.007361777657246009,269.7383410091558,219.95092702968648,0.2199509270296865,1.019276877337681,0.2199509270296865,41
32031,2025,mid,CAISO,NV,"Washoe, NV",0.00710257276279719,260.24097482053423,209.051807866101,0.209051807866101,1.0041239090821903,0.209051807866101,42
56021,2025,mid,SPP,WY,"Laramie, WY",0.006331128067659139,231.97494697574652,189.15777580631715,0.18915777580631715,1.019276877337681,0.18915777580631715,43
19049,2025,mid,MISO,IA,"Dallas, IA",0.006008652853640517,220.15933214794208,179.52304822150901,0.17952304822150902,1.019276877337681,0.17952304822150902,44
37035,2025,mid,Non-ISO,NC,"Catawba, NC",0.005888579339377458,215.75979279149632,172.60821397126773,0.17260821397126774,1.0,0.17260821397126774,45
53033,2025,mid,Non-ISO,WA,"King, WA",0.005870404320291109,215.09385316055187,172.07546109445585,0.17207546109445584,1.0,0.17207546109445584,46
48453,2025,mid,ERCOT,TX,"Travis, TX",0.005484355800894013,200.94888817798153,163.85840468571573,0.16385840468571572,1.019276877337681,0.16385840468571572,47
48201,2025,mid,ERCOT,TX,"Harris, TX",0.005459593107477682,200.04157364716775,163.11855928067106,0.16311855928067107,1.019276877337681,0.16311855928067107,48
37161,2025,mid,Non-ISO,NC,"Rutherford, NC",0.004863167594553581,178.18831538782152,142.5509659223822,0.1425509659223822,1.0,0.1425509659223822,49
53007,2025,mid,Non-ISO,WA,"Chelan, WA",0.0043670240027447555,160.0094249638338,128.00782158827448,0.12800782158827448,1.0,0.12800782158827448,50
29047,2025,mid,SPP,MO,"Clay, MO",0.004185539581518946,153.35976655527358,125.05312628783376,0.12505312628783377,1.019276877337681,0.12505312628783377,51
13135,2025,mid,Non-ISO,GA,"Gwinnett, GA",0.00424733706250015,155.62404982685646,124.49951376041541,0.12449951376041542,1.0,0.12449951376041542,52
39159,2025,mid,PJM,OH,"Union, OH",0.004099146328613643,150.1942848200131,121.91879001251387,0.12191879001251386,1.014673443943608,0.12191879001251386,53
06067,2025,mid,CAISO,CA,"Sacramento, CA",0.004034165652199237,147.81336805374502,118.73861078072848,0.11873861078072848,1.0041239090821903,0.11873861078072848,54
45003,2025,mid,Non-ISO,SC,"Aiken, SC",0.0031502651428933883,115.42691628925375,92.34173618322258,0.09234173618322258,1.0,0.09234173618322258,55
47125,2025,mid,Non-ISO,TN,"Montgomery, TN",0.0030757822180437597,112.69783351633498,90.15846516169131,0.0901584651616913,1.0,0.0901584651616913,56
08005,2025,mid,Non-ISO,CO,"Arapahoe, CO",0.0030291819281630062,110.99038112260396,88.79250024158367,0.08879250024158367,1.0,0.08879250024158367,57
37027,2025,mid,Non-ISO,NC,"Caldwell, NC",0.002974814348775105,108.99833227902856,87.19885766070968,0.08719885766070967,1.0,0.08719885766070967,58
20091,2025,mid,SPP,KS,"Johnson, KS",0.0028762677429885215,105.38754705913097,85.93546095938122,0.08593546095938122,1.019276877337681,0.08593546095938122,59
29165,2025,mid,SPP,MO,"Platte, MO",0.0027862745195363706,102.09016103007092,83.24669557603559,0.08324669557603559,1.019276877337681,0.08324669557603559,60
49035,2025,mid,Non-ISO,UT,"Salt Lake, UT",0.002803513304671778,102.72179669199032,82.17761814435214,0.08217761814435214,1.0,0.08217761814435214,61
06037,2025,mid,CAISO,CA,"Los Angeles, CA",0.002750939238162112,100.79546284428656,80.96908546715095,0.08096908546715095,1.0041239090821903,0.08096908546715095,62
40143,2025,mid,SPP,OK,"Tulsa, OK",0.0025575253843355913,93.70870547556837,76.41226146417021,0.07641226146417021,1.019276877337681,0.07641226146417021,63
01073,2025,mid,Non-ISO,AL,"Jefferson, AL",0.0025478406028056825,93.35385138671356,74.68324541251073,0.07468324541251073,1.0,0.07468324541251073,64
13067,2025,mid,Non-ISO,GA,"Cobb, GA",0.002474659619348675,90.67247224295711,72.53813737826789,0.07253813737826789,1.0,0.07253813737826789,65
08041,2025,mid,Non-ISO,CO,"El Paso, CO",0.002301951636385566,84.34438587951566,67.47565715005823,0.06747565715005822,1.0,0.06747565715005822,66
41065,2025,mid,Non-ISO,OR,"Wasco, OR",0.002259864062256616,82.80228111199814,66.24197062193386,0.06624197062193386,1.0,0.06624197062193386,67
48121,2025,mid,ERCOT,TX,"Denton, TX",0.0019463035394084102,71.31330396857827,58.150529356544816,0.058150529356544814,1.019276877337681,0.058150529356544814,68
39041,2025,mid,PJM,OH,"Delaware, OH",0.0018582431860485267,68.08673903686028,55.26876637962259,0.05526876637962259,1.014673443943608,0.05526876637962259,69
47037,2025,mid,Non-ISO,TN,"Davidson, TN",0.0017834229928206727,65.34529862193531,52.276353905526825,0.052276353905526825,1.0,0.052276353905526825,70
39045,2025,mid,PJM,OH,"Fairfield, OH",0.0017462333642016448,63.98265644588841,51.93731615698375,0.05193731615698375,1.014673443943608,0.05193731615698375,71
01071,2025,mid,Non-ISO,AL,"Jackson, AL",0.0017331985715169182,63.50505667068796,50.80415710569598,0.050804157105695975,1.0,0.050804157105695975,72
39165,2025,mid,PJM,OH,"Warren, OH",0.0016986062370843748,62.23758034419444,50.520767138136314,0.050520767138136316,1.014673443943608,0.050520767138136316,73
37119,2025,mid,Non-ISO,NC,"Mecklenburg, NC",0.0016298081422377409,59.716791910675816,47.773538630325625,0.04777353863032562,1.0,0.04777353863032562,74
39035,2025,mid,PJM,OH,"Cuyahoga, OH",0.0014983924904741737,54.90167231052719,44.56591318227782,0.044565913182277817,1.014673443943608,0.044565913182277817,75
28149,2025,mid,MISO,MS,"Warren, MS",0.0014340032606517394,52.5424263729559,42.84431848243785,0.042844318482437846,1.019276877337681,0.042844318482437846,76
48325,2025,mid,ERCOT,TX,"Medina, TX",0.0013825880172177334,50.65855224469829,41.30816363189905,0.04130816363189905,1.019276877337681,0.04130816363189905,77
35001,2025,mid,Non-ISO,NM,"Bernalillo, NM",0.0013713834109016223,50.24801119604359,40.198497393529124,0.040198497393529126,1.0,0.040198497393529126,78
08035,2025,mid,Non-ISO,CO,"Douglas, CO",0.001370549860674332,50.217469597814826,40.17406406119278,0.04017406406119278,1.0,0.04017406406119278,79
39017,2025,mid,PJM,OH,"Butler, OH",0.0013477359372926726,49.381558744296754,40.085013209732395,0.040085013209732394,1.014673443943608,0.040085013209732394,80
06001,2025,mid,CAISO,CA,"Alameda, CA",0.0013037752392055402,47.77082200057616,38.37434404538731,0.03837434404538731,1.0041239090821903,0.03837434404538731,81
31055,2025,mid,SPP,NE,"Douglas, NE",0.0012521555273039306,45.87945606968501,37.41117727791788,0.03741117727791788,1.019276877337681,0.03741117727791788,82
53053,2025,mid,Non-ISO,WA,"Pierce, WA",0.0012643688501994437,46.3269568785151,37.06164703843555,0.03706164703843555,1.0,0.03706164703843555,83
27053,2025,mid,MISO,MN,"Hennepin, MN",0.0012222081213118662,44.782171692741606,36.516426034839306,0.0365164260348393,1.019276877337681,0.0365164260348393,84
34003,2025,mid,PJM,NJ,"Bergen, NJ",0.0012129001437737922,44.44112384585379,36.07466191257369,0.03607466191257369,1.014673443943608,0.03607466191257369,85
37183,2025,mid,PJM,NC,"Wake, NC",0.0011916506531969302,43.66253440694962,35.44264930023313,0.03544264930023313,1.014673443943608,0.03544264930023313,86
42077,2025,mid,PJM,PA,"Lehigh, PA",0.0011793104857016122,43.21038596360646,35.075622078228655,0.03507562207822865,1.014673443943608,0.03507562207822865,87
51047,2025,mid,PJM,VA,"Culpeper, VA",0.0011349715529228195,41.58579055653163,33.756872123609476,0.03375687212360948,1.014673443943608,0.03375687212360948,88
08014,2025,mid,Non-ISO,CO,"Broomfield, CO",0.0011365276142530864,41.642805237126,33.31431748119925,0.03331431748119924,1.0,0.03331431748119924,89
47187,2025,mid,Non-ISO,TN,"Williamson, TN",0.0011204484136096533,41.0536571932369,32.84299800918513,0.03284299800918513,1.0,0.03284299800918513,90
06075,2025,mid,CAISO,CA,"San Francisco, CA",0.0010798945205496588,39.56774708500391,31.78480662783022,0.031784806627830224,1.0041239090821903,0.031784806627830224,91
42091,2025,mid,PJM,PA,"Montgomery, PA",0.001046872643067082,38.3578129001008,31.136591794493803,0.031136591794493802,1.014673443943608,0.031136591794493802,92
06073,2025,mid,CAISO,CA,"San Diego, CA",0.0010537247348785157,38.608876157334514,31.01454475389677,0.031014544753896773,1.0041239090821903,0.031014544753896773,93
13117,2025,mid,Non-ISO,GA,"Forsyth, GA",0.001049143765425496,38.441027689477714,30.752889807939738,0.030752889807939738,1.0,0.030752889807939738,94
06055,2025,mid,CAISO,CA,"Napa, CA",0.0009832932974695693,36.02824142940571,28.94151856850226,0.028941518568502262,1.0041239090821903,0.028941518568502262,95
24031,2025,mid,PJM,MD,"Montgomery, MD",0.0008836900855274276,32.378741756998146,26.283137350209373,0.026283137350209373,1.014673443943608,0.026283137350209373,96
12086,2025,mid,Non-ISO,FL,"Miami-Dade, FL",0.0008367877846947575,30.66022356680744,24.528232815558138,0.02452823281555814,1.0,0.02452823281555814,97
27019,2025,mid,MISO,MN,"Carver, MN",0.0008184798807895644,29.989414985420694,24.4540676065675,0.024454067606567497,1.019276877337681,0.024454067606567497,98
25017,2025,mid,ISO-NE,MA,"Middlesex, MA",0.0008091477423753373,29.647481874816112,23.934131817787996,0.023934131817787998,1.0091109619257697,0.023934131817787998,99
53061,2025,mid,Non-ISO,WA,"Snohomish, WA",0.0007959377833384989,29.163463937669032,23.33082247794467,0.023330822477944668,1.0,0.023330822477944668,100
48339,2025,mid,ERCOT,TX,"Montgomery, TX",0.0007617984653338303,27.912586305865055,22.760573119869377,0.022760573119869378,1.019276877337681,0.022760573119869378,101
12057,2025,mid,Non-ISO,FL,"Hillsborough, FL",0.0007729970314309031,28.322906038590563,22.658374679296735,0.022658374679296735,1.0,0.022658374679296735,102
24003,2025,mid,PJM,MD,"Anne Arundel, MD",0.0007444630366938093,27.277409589078538,22.14217921648284,0.02214217921648284,1.014673443943608,0.02214217921648284,103
42101,2025,mid,PJM,PA,"Philadelphia, PA",0.0007227665699081104,26.48244277141401,21.49687242184745,0.02149687242184745,1.014673443943608,0.02149687242184745,104
18089,2025,mid,MISO,IN,"Lake, IN",0.0007007499715133799,25.67574620950221,20.936601596312475,0.020936601596312474,1.019276877337681,0.020936601596312474,105
13215,2025,mid,Non-ISO,GA,"Muscogee, GA",0.0007046519530121442,25.818716299761476,20.65501848084983,0.02065501848084983,1.0,0.02065501848084983,106
12095,2025,mid,Non-ISO,FL,"Orange, FL",0.0007003694377139647,25.66180330596299,20.529487809643566,0.020529487809643567,1.0,0.020529487809643567,107
24027,2025,mid,PJM,MD,"Howard, MD",0.0006777427771963624,24.83275383520261,20.157753032311764,0.020157753032311765,1.014673443943608,0.020157753032311765,108
36061,2025,mid,NYISO,NY,"New York, NY",0.0006336008564642113,23.21537702465352,18.74155438407366,0.01874155438407366,1.0091109619257697,0.01874155438407366,109
34031,2025,mid,PJM,NJ,"Passaic, NJ",0.0006116265396027491,22.410229674246075,18.19129195934991,0.01819129195934991,1.014673443943608,0.01819129195934991,110
26045,2025,mid,MISO,MI,"Eaton, MI",0.000579389890595156,21.229066560138182,17.310675421255066,0.017310675421255067,1.019276877337681,0.017310675421255067,111
18105,2025,mid,MISO,IN,"Monroe, IN",0.0005695201726865169,20.867436331835336,17.015793708630948,0.017015793708630947,1.019276877337681,0.017015793708630947,112
34039,2025,mid,PJM,NJ,"Union, NJ",0.0005700335913047753,20.886248185816815,16.954214401482623,0.016954214401482624,1.014673443943608,0.016954214401482624,113
45051,2025,mid,Non-ISO,SC,"Horry, SC",0.0005553739796987365,20.349114425663196,16.27932735505073,0.016279327355050728,1.0,0.016279327355050728,114
42003,2025,mid,PJM,PA,"Allegheny, PA",0.0005282050744643064,19.353635376148993,15.71013045024374,0.01571013045024374,1.014673443943608,0.01571013045024374,115
37179,2025,mid,Non-ISO,NC,"Union, NC",0.0005309667054116792,19.45482258729638,15.563892310400181,0.01556389231040018,1.0,0.01556389231040018,116
06059,2025,mid,CAISO,CA,"Orange, CA",0.0005280238678931563,19.346995898273175,15.541459111506967,0.015541459111506967,1.0041239090821903,0.015541459111506967,117
51061,2025,mid,PJM,VA,"Fauquier, VA",0.0005181481097654789,18.985144354041132,15.411011348610131,0.01541101134861013,1.014673443943608,0.01541101134861013,118
08001,2025,mid,Non-ISO,CO,"Adams, CO",0.0005198152102200593,19.046227550498653,15.237015561833154,0.015237015561833154,1.0,0.015237015561833154,119
39023,2025,mid,PJM,OH,"Clark, OH",0.00048283698926737337,17.69133143197354,14.360770947318796,0.014360770947318796,1.014673443943608,0.014360770947318796,120
36063,2025,mid,NYISO,NY,"Niagara, NY",0.00046992300096341334,17.21815797535696,13.900056145805374,0.013900056145805374,1.0091109619257697,0.013900056145805374,121
39099,2025,mid,PJM,OH,"Mahoning, OH",0.000455305670890643,16.682573426707698,13.541921178402283,0.013541921178402283,1.014673443943608,0.013541921178402283,122
51660,2025,mid,PJM,VA,"Harrisonburg, VA",0.0004415736911267021,16.1794284510304,13.133498003652573,0.013133498003652573,1.014673443943608,0.013133498003652573,123
12011,2025,mid,Non-ISO,FL,"Broward, FL",0.00044443931684067856,16.284426070087854,13.027569516723215,0.013027569516723216,1.0,0.013027569516723216,124
21111,2025,mid,PJM,KY,"Jefferson, KY",0.00043078238159500353,15.784030754180428,12.812537663307719,0.012812537663307718,1.014673443943608,0.012812537663307718,125
41047,2025,mid,Non-ISO,OR,"Marion, OR",0.00042924816595926653,15.727816508165176,12.58228088755009,0.012582280887550088,1.0,0.012582280887550088,126
08031,2025,mid,Non-ISO,CO,"Denver, CO",0.0004143227847155411,15.180944847127025,12.144782596223328,0.012144782596223327,1.0,0.012144782596223327,127
21107,2025,mid,Non-ISO,KY,"Hopkins, KY",0.0003862786470709117,14.153396948305453,11.322742468677788,0.011322742468677788,1.0,0.011322742468677788,128
39153,2025,mid,PJM,OH,"Summit, OH",0.00035895209679112546,13.152141724206457,10.676126638306592,0.010676126638306591,1.014673443943608,0.010676126638306591,129
53063,2025,mid,Non-ISO,WA,"Spokane, WA",0.0003578406964880718,13.111419593234777,10.489158750737069,0.010489158750737068,1.0,0.010489158750737068,130
46099,2025,mid,SPP,SD,"Minnehaha, SD",0.0003380287780423334,12.385503345478751,10.09942795812949,0.01009942795812949,1.019276877337681,0.01009942795812949,131
36001,2025,mid,NYISO,NY,"Albany, NY",0.0003396052752113389,12.443266802998364,10.045331646187758,0.010045331646187759,1.0091109619257697,0.010045331646187759,132
23005,2025,mid,ISO-NE,ME,"Cumberland, ME",0.00033452545100009926,12.257140106546286,9.895073323861993,0.009895073323861994,1.0091109619257697,0.009895073323861994,133
17097,2025,mid,PJM,IL,"Lake, IL",0.00033221808732745534,12.172597421594212,9.880990816186257,0.009880990816186257,1.014673443943608,0.009880990816186257,134
06095,2025,mid,CAISO,CA,"Solano, CA",0.0003338429062487675,12.232131406547376,9.826082100860123,0.009826082100860124,1.0041239090821903,0.009826082100860124,135
19163,2025,mid,MISO,IA,"Scott, IA",0.00032606914434643054,11.947297805674816,9.742104952624137,0.009742104952624137,1.019276877337681,0.009742104952624137,136
37045,2025,mid,Non-ISO,NC,"Cleveland, NC",0.0003317685181386948,12.15612503506054,9.724921422875559,0.009724921422875558,1.0,0.009724921422875558,137
31019,2025,mid,SPP,NE,"Buffalo, NE",0.0003109320337960015,11.392668302089351,9.289847134861784,0.009289847134861784,1.019276877337681,0.009289847134861784,138
25009,2025,mid,ISO-NE,MA,"Essex, MA",0.00031018940849464815,11.365458227824025,9.175226973504664,0.009175226973504664,1.0091109619257697,0.009175226973504664,139
26163,2025,mid,MISO,MI,"Wayne, MI",0.00030494045815033507,11.173134685354515,9.110834309564664,0.009110834309564664,1.019276877337681,0.009110834309564664,140
27109,2025,mid,MISO,MN,"Olmsted, MN",0.00029184526327522524,10.693321750862124,8.71958366515274,0.00871958366515274,1.019276877337681,0.00871958366515274,141
55133,2025,mid,MISO,WI,"Waukesha, WI",0.000285690280075162,10.46780081901353,8.535688643632557,0.008535688643632557,1.019276877337681,0.008535688643632557,142
29189,2025,mid,MISO,MO,"St. Louis, MO",0.00028468760371479836,10.43106237476734,8.505731260342712,0.008505731260342712,1.019276877337681,0.008505731260342712,143
29510,2025,mid,MISO,MO,"St. Louis, MO",0.00028468760371479836,10.43106237476734,8.505731260342712,0.008505731260342712,1.019276877337681,0.008505731260342712,144
17019,2025,mid,MISO,IL,"Champaign, IL",0.00027555479252883613,10.09643268982615,8.232866419774988,0.008232866419774987,1.019276877337681,0.008232866419774987,145
24033,2025,mid,PJM,MD,"Prince George's, MD",0.00026007371113358387,9.52919996330216,7.735237933356335,0.007735237933356335,1.014673443943608,0.007735237933356335,146
39061,2025,mid,PJM,OH,"Hamilton, OH",0.0002573616527853715,9.429829111094094,7.654574584026911,0.007654574584026911,1.014673443943608,0.007654574584026911,147
36029,2025,mid,NYISO,NY,"Erie, NY",0.00025331470602968717,9.281547438534174,7.492905495479195,0.007492905495479195,1.0091109619257697,0.007492905495479195,148
34015,2025,mid,PJM,NJ,"Gloucester, NJ",0.0002479993132759525,9.086789420843534,7.376115360283912,0.007376115360283911,1.014673443943608,0.007376115360283911,149
41051,2025,mid,Non-ISO,OR,"Multnomah, OR",0.0002510073423570432,9.1970047535821,7.3576199896296535,0.0073576199896296535,1.0,0.0073576199896296535,150
26125,2025,mid,MISO,MI,"Oakland, MI",0.00024507584726139844,8.979672511113682,7.322234154229511,0.007322234154229511,1.019276877337681,0.007322234154229511,151
29019,2025,mid,MISO,MO,"Boone, MO",0.00023851012916672844,8.739102096079902,7.1260674335303555,0.0071260674335303555,1.019276877337681,0.0071260674335303555,152
51069,2025,mid,PJM,VA,"Frederick, VA",0.00023852863395998607,8.739780118762253,7.094433841685945,0.007094433841685946,1.014673443943608,0.007094433841685946,153
26049,2025,mid,MISO,MI,"Genesee, MI",0.00022249146827706435,8.152172251857653,6.647471165550449,0.0066474711655504495,1.019276877337681,0.0066474711655504495,154
36103,2025,mid,NYISO,NY,"Suffolk, NY",0.00022195388878265259,8.132475134159396,6.565270287969824,0.006565270287969824,1.0091109619257697,0.006565270287969824,155
12001,2025,mid,Non-ISO,FL,"Alachua, FL",0.0002196827664242387,8.049260344782487,6.439422442555361,0.006439422442555361,1.0,0.006439422442555361,156
24510,2025,mid,PJM,MD,"Baltimore, MD",0.00020543388971280675,7.527176067814054,6.1101139733697725,0.006110113973369772,1.014673443943608,0.006110113973369772,157
24005,2025,mid,PJM,MD,"Baltimore, MD",0.00020543388971280675,7.527176067814054,6.1101139733697725,0.006110113973369772,1.014673443943608,0.006110113973369772,158
05119,2025,mid,MISO,AR,"Pulaski, AR",0.00019235077527577347,7.047805765180047,5.746945005211188,0.005746945005211188,1.019276877337681,0.005746945005211188,159
35013,2025,mid,Non-ISO,NM,"Do帽a Ana, NM",0.0001923024535234668,7.046035237746495,5.636840591246495,0.005636840591246495,1.0,0.005636840591246495,160
35049,2025,mid,Non-ISO,NM,"Santa Fe, NM",0.00019163802942924997,7.021690485535165,5.617364746630573,0.005617364746630573,1.0,0.005617364746630573,161
33017,2025,mid,ISO-NE,NH,"Strafford, NH",0.00018454681227824486,6.761865584661516,5.4587901569787745,0.005458790156978774,1.0091109619257697,0.005458790156978774,162
12031,2025,mid,Non-ISO,FL,"Duval, FL",0.00018242065517675094,6.683962377585258,5.347181665867869,0.005347181665867869,1.0,0.005347181665867869,163
27137,2025,mid,MISO,MN,"St. Louis, MN",0.00016406442951925134,6.011383268764968,4.901821957341695,0.004901821957341694,1.019276877337681,0.004901821957341694,164
55079,2025,mid,MISO,WI,"Milwaukee, WI",0.0001576436766815014,5.776124436031843,4.7099864245880605,0.00470998642458806,1.019276877337681,0.00470998642458806,165
34025,2025,mid,PJM,NJ,"Monmouth, NJ",0.0001564658339690261,5.732967829839031,4.653682407637841,0.00465368240763784,1.014673443943608,0.00465368240763784,166
41005,2025,mid,Non-ISO,OR,"Clackamas, OR",0.0001501236039787745,5.500586104185425,4.400478564401181,0.0044004785644011805,1.0,0.0044004785644011805,167
12105,2025,mid,Non-ISO,FL,"Polk, FL",0.00013637606544752436,4.996871049340087,3.9975056339844635,0.003997505633984463,1.0,0.003997505633984463,168
16065,2025,mid,Non-ISO,ID,"Madison, ID",0.00011034876161133946,4.043220710443531,3.2345836844389297,0.0032345836844389297,1.0,0.0032345836844389297,169
51680,2025,mid,PJM,VA,"Lynchburg, VA",0.00010874810356618073,3.984571989207146,3.2344386221090056,0.0032344386221090054,1.014673443943608,0.0032344386221090054,170
36119,2025,mid,NYISO,NY,"Westchester, NY",8.109598080868376e-05,2.9713876653574283,2.398773169495533,0.002398773169495533,1.0091109619257697,0.002398773169495533,171
36067,2025,mid,NYISO,NY,"Onondaga, NY",7.350342547749685e-05,2.693193542360684,2.1741896841643933,0.002174189684164393,1.0091109619257697,0.002174189684164393,172
20051,2025,mid,SPP,KS,"Ellis, KS",6.910010579855075e-05,2.531854229978324,2.064532920697629,0.0020645329206976292,1.019276877337681,0.0020645329206976292,173
41017,2025,mid,Non-ISO,OR,"Deschutes, OR",6.794642396222878e-05,2.489582887502287,1.9916706916773508,0.001991670691677351,1.0,0.001991670691677351,174
01069,2025,mid,Non-ISO,AL,"Houston, AL",6.4847791595563e-05,2.3760478158258116,1.9008424345140045,0.0019008424345140044,1.0,0.0019008424345140044,175
55025,2025,mid,MISO,WI,"Dane, WI",5.542504989576063e-05,2.030794966283313,1.6559575245036227,0.0016559575245036226,1.019276877337681,0.0016559575245036226,176
55101,2025,mid,MISO,WI,"Racine, WI",5.4929751934617174e-05,2.0126470600894124,1.6411592990230977,0.0016411592990230976,1.019276877337681,0.0016411592990230976,177
55077,2025,mid,MISO,WI,"Marquette, WI",4.98740885995309e-05,1.8274056273541104,1.490109119423105,0.0014901091194231052,1.019276877337681,0.0014901091194231052,178
33015,2025,mid,ISO-NE,NH,"Rockingham, NH",4.670901382344343e-05,1.7114360804565016,1.3816261671167105,0.0013816261671167104,1.0091109619257697,0.0013816261671167104,179
06099,2025,mid,CAISO,CA,"Stanislaus, CA",3.6343997953660824e-05,1.331657945959753,1.069722019194416,0.001069722019194416,1.0041239090821903,0.001069722019194416,180
05145,2025,mid,MISO,AR,"White, AR",2.7664203195573636e-05,1.0136269557081052,0.8265350329366381,0.0008265350329366381,1.019276877337681,0.0008265350329366381,181
53073,2025,mid,Non-ISO,WA,"Whatcom, WA",2.604542449329989e-05,0.9543142866841374,0.7634531089441493,0.0007634531089441493,1.0,0.0007634531089441493,182
16007,2025,mid,Non-ISO,ID,"Bear Lake, ID",2.4650133895444543e-05,0.9031903070403444,0.7225538352507128,0.0007225538352507128,1.0,0.0007225538352507128,183
19103,2025,mid,MISO,IA,"Johnson, IA",1.6362953374849122e-05,0.5995448521863007,0.48888283935051363,0.0004888828393505136,1.019276877337681,0.0004888828393505136,184
30039,2025,mid,Non-ISO,MT,"Granite, MT",9.120730747885631e-06,0.3341870530828033,0.2673502306367499,0.0002673502306367499,1.0,0.0002673502306367499,185
53067,2025,mid,Non-ISO,WA,"Thurston, WA",7.979242841310379e-06,0.2923625008432281,0.23389051523371593,0.00023389051523371593,1.0,0.00023389051523371593,186
47057,2025,mid,Non-ISO,TN,"Grainger, TN",7.441549855228541e-06,0.2726612247668964,0.2181294596983284,0.0002181294596983284,1.0,0.0002181294596983284,187
55021,2025,mid,MISO,WI,"Columbia, WI",2.1805190728388827e-06,0.0798950504390013,0.06514828534718915,6.514828534718915e-05,1.019276877337681,6.514828534718915e-05,188
17119,2025,mid,MISO,IL,"Madison, IL",1.2322046838203099e-06,0.0451484495555575,0.03681509753691574,3.681509753691574e-05,1.019276877337681,3.681509753691574e-05,189
51107,2035,mid,PJM,VA,"Loudoun, VA",0.11547147594345755,14829.352128366065,9763.820014399964,9.763820014399965,1.014673443943608,9.763820014399965,1
04013,2035,mid,Non-ISO,AZ,"Maricopa, AZ",0.05199853949078706,6677.879935017143,4333.2116242322545,4.333211624232255,1.0,4.333211624232255,2
51153,2035,mid,PJM,VA,"Prince William, VA",0.039242445485405876,5039.686534934819,3318.1889424538394,3.3181889424538396,1.014673443943608,3.3181889424538396,3
48065,2035,mid,SPP,TX,"Carson, TX",0.038148740275040956,4899.228126859461,3240.3440718258307,3.2403440718258305,1.019276877337681,3.2403440718258305,4
19153,2035,mid,MISO,IA,"Polk, IA",0.028264947634707615,3629.908234395052,2400.8172969348207,2.4008172969348207,1.019276877337681,2.4008172969348207,5
31153,2035,mid,SPP,NE,"Sarpy, NE",0.01875707152853737,2408.8651878827054,1593.2207746339243,1.5932207746339242,1.019276877337681,1.5932207746339242,6
06085,2035,mid,CAISO,CA,"Santa Clara, CA",0.01903103291113396,2444.048507216808,1592.4595967166372,1.5924595967166373,1.0041239090821903,1.5924595967166373,7
41049,2035,mid,Non-ISO,OR,"Morrow, OR",0.018792022732560226,2413.353774414838,1566.0018943800187,1.5660018943800187,1.0,1.5660018943800187,8
53025,2035,mid,Non-ISO,WA,"Grant, WA",0.018674356976825204,2398.242623275665,1556.1964147354336,1.5561964147354335,1.0,1.5561964147354335,9
17031,2035,mid,PJM,IL,"Cook, IL",0.017301417299018133,2221.923703240591,1462.940722991687,1.4629407229916869,1.014673443943608,1.4629407229916869,10
39089,2035,mid,PJM,OH,"Licking, OH",0.01681959164883999,2160.0455452574943,1422.1994153378016,1.4221994153378017,1.014673443943608,1.4221994153378017,11
41013,2035,mid,Non-ISO,OR,"Crook, OR",0.01681806138033161,2159.849021480723,1401.505115027634,1.401505115027634,1.0,1.401505115027634,12
41059,2035,mid,Non-ISO,OR,"Umatilla, OR",0.01616763654015086,2076.318617896036,1347.3030450125716,1.3473030450125716,1.0,1.3473030450125716,13
41067,2035,mid,Non-ISO,OR,"Washington, OR",0.01600504018025884,2055.437281999628,1333.7533483549032,1.3337533483549031,1.0,1.3337533483549031,14
48029,2035,mid,ERCOT,TX,"Bexar, TX",0.015385102568204117,1975.8221816325076,1306.8066086032525,1.3068066086032524,1.019276877337681,1.3068066086032524,15
39049,2035,mid,PJM,OH,"Franklin, OH",0.015112702084133438,1940.8393197160333,1277.871455916785,1.277871455916785,1.014673443943608,1.277871455916785,16
56021,2035,mid,SPP,WY,"Laramie, WY",0.014946633156788982,1919.512021514901,1269.5631308969764,1.2695631308969764,1.019276877337681,1.2695631308969764,17
19155,2035,mid,SPP,IA,"Pottawattamie, IA",0.014556998764338839,1869.4734681859868,1236.4676869936477,1.2364676869936477,1.019276877337681,1.2364676869936477,18
35061,2035,mid,Non-ISO,NM,"Valencia, NM",0.013458098654541142,1728.3479083977863,1121.5082212117618,1.1215082212117617,1.0,1.1215082212117617,19
48439,2035,mid,ERCOT,TX,"Tarrant, TX",0.01174613483539697,1508.4900249015832,997.7136363175649,0.9977136363175649,1.019276877337681,0.9977136363175649,20
32003,2035,mid,CAISO,NV,"Clark, NV",0.011157570755320142,1432.9040507702664,933.6319635577655,0.9336319635577656,1.0041239090821903,0.9336319635577656,21
34023,2035,mid,PJM,NJ,"Middlesex, NJ",0.010746259810992162,1380.081699814286,908.6620376610168,0.9086620376610168,1.014673443943608,0.9086620376610168,22
13121,2035,mid,Non-ISO,GA,"Fulton, GA",0.010637583558920628,1366.1250200646566,886.465296576719,0.886465296576719,1.0,0.886465296576719,23
48113,2035,mid,ERCOT,TX,"Dallas, TX",0.010106920926272309,1297.9750031309418,858.4792334358084,0.8584792334358083,1.019276877337681,0.8584792334358083,24
18089,2035,mid,MISO,IN,"Lake, IN",0.00983261302599302,1262.7471824800118,835.1795917669976,0.8351795917669976,1.019276877337681,0.8351795917669976,25
45015,2035,mid,Non-ISO,SC,"Berkeley, SC",0.0094677752218491,1215.8931155064563,788.9812684874249,0.7889812684874249,1.0,0.7889812684874249,26
13217,2035,mid,Non-ISO,GA,"Newton, GA",0.00918363380828592,1179.4024320579886,765.3028173571599,0.76530281735716,1.0,0.76530281735716,27
47165,2035,mid,Non-ISO,TN,"Sumner, TN",0.008350176361563134,1072.366180373519,695.8480301302611,0.6958480301302611,1.0,0.6958480301302611,28
51087,2035,mid,PJM,VA,"Henrico, VA",0.00811461002372258,1042.113720665307,686.139941585826,0.686139941585826,1.014673443943608,0.686139941585826,29
13097,2035,mid,Non-ISO,GA,"Douglas, GA",0.008094783320387624,1039.5674886812048,674.5652766989687,0.6745652766989687,1.0,0.6745652766989687,30
01089,2035,mid,Non-ISO,AL,"Madison, AL",0.008082096993624733,1037.938255095635,673.508082802061,0.6735080828020611,1.0,0.6735080828020611,31
17037,2035,mid,PJM,IL,"DeKalb, IL",0.007574997846239478,972.8143640296506,640.5124293757686,0.6405124293757687,1.014673443943608,0.6405124293757687,32
32029,2035,mid,Non-ISO,NV,"Storey, NV",0.007651416605128963,982.6283953783084,637.6180504274136,0.6376180504274136,1.0,0.6376180504274136,33
51117,2035,mid,PJM,VA,"Mecklenburg, VA",0.007524897524968515,966.380261583128,636.2761405818779,0.636276140581878,1.014673443943608,0.636276140581878,34
34017,2035,mid,PJM,NJ,"Hudson, NJ",0.007491301611699946,962.0657274190578,633.4354004969905,0.6334354004969905,1.014673443943608,0.6334354004969905,35
51177,2035,mid,PJM,VA,"Spotsylvania, VA",0.007206836092048409,925.533420848759,609.3820997879876,0.6093820997879876,1.014673443943608,0.6093820997879876,36
49049,2035,mid,Non-ISO,UT,"Utah, UT",0.0071042120794592885,912.353996172009,592.017673288274,0.5920176732882739,1.0,0.5920176732882739,37
48139,2035,mid,ERCOT,TX,"Ellis, TX",0.006557474556315176,842.1395714731784,556.9901824151857,0.5569901824151857,1.019276877337681,0.5569901824151857,38
51600,2035,mid,PJM,VA,"Fairfax, VA",0.006494683671458414,834.0756913297519,549.1652540202522,0.5491652540202522,1.014673443943608,0.5491652540202522,39
51059,2035,mid,PJM,VA,"Fairfax, VA",0.006494683671458414,834.0756913297519,549.1652540202522,0.5491652540202522,1.014673443943608,0.5491652540202522,40
48371,2035,mid,ERCOT,TX,"Pecos, TX",0.006283695353329417,806.9796484417342,533.7354481569087,0.5337354481569087,1.019276877337681,0.5337354481569087,41
53017,2035,mid,Non-ISO,WA,"Douglas, WA",0.006389102780762218,820.5165314301495,532.4252317301848,0.5324252317301849,1.0,0.5324252317301849,42
17043,2035,mid,PJM,IL,"DuPage, IL",0.006175021427474177,793.0232674349786,522.1358548533998,0.5221358548533998,1.014673443943608,0.5221358548533998,43
48309,2035,mid,ERCOT,TX,"McLennan, TX",0.005970303094293848,766.7324434452531,507.11599122594396,0.507115991225944,1.019276877337681,0.507115991225944,44
34035,2035,mid,PJM,NJ,"Somerset, NJ",0.005872875355646516,754.2203470018062,496.58755524711603,0.496587555247116,1.014673443943608,0.496587555247116,45
29047,2035,mid,SPP,MO,"Clay, MO",0.005748476103458162,738.2444507890494,488.27406434859296,0.48827406434859294,1.019276877337681,0.48827406434859294,46
26161,2035,mid,MISO,MI,"Washtenaw, MI",0.0056245500893532556,722.3293298813857,477.7478209587801,0.4777478209587801,1.019276877337681,0.4777478209587801,47
48085,2035,mid,ERCOT,TX,"Collin, TX",0.0054461999332883855,699.4248225576023,462.59880511323934,0.46259880511323936,1.019276877337681,0.46259880511323936,48
19181,2035,mid,MISO,IA,"Warren, IA",0.0054175388379241116,695.74403929863,460.16433913124143,0.46016433913124144,1.019276877337681,0.46016433913124144,49
48417,2035,mid,ERCOT,TX,"Shackelford, TX",0.005340823638505733,685.8919377603244,453.6481700556163,0.45364817005561625,1.019276877337681,0.45364817005561625,50
32031,2035,mid,CAISO,NV,"Washoe, NV",0.005406377315508136,694.3106277583098,452.3893936684422,0.4523893936684422,1.0041239090821903,0.4523893936684422,51
19049,2035,mid,MISO,IA,"Dallas, IA",0.005181764637675144,665.4648849905315,440.137739915695,0.44013773991569505,1.019276877337681,0.44013773991569505,52
55089,2035,mid,MISO,WI,"Ozaukee, WI",0.004959336235755325,636.89965649173,421.2447293373581,0.42124472933735807,1.019276877337681,0.42124472933735807,53
48453,2035,mid,ERCOT,TX,"Travis, TX",0.004768170399657506,612.3493034695152,405.0071529647388,0.40500715296473877,1.019276877337681,0.40500715296473877,54
18145,2035,mid,MISO,IN,"Shelby, IN",0.004667887976758996,599.4705959852882,396.48919005941787,0.39648919005941785,1.019276877337681,0.39648919005941785,55
37035,2035,mid,Non-ISO,NC,"Catawba, NC",0.004330487239752535,556.1401172106941,360.8739366460445,0.3608739366460445,1.0,0.3608739366460445,56
53033,2035,mid,Non-ISO,WA,"King, WA",0.004317121250487624,554.4235983930913,359.760104207302,0.359760104207302,1.0,0.359760104207302,57
42063,2035,mid,PJM,PA,"Indiana, PA",0.004039518441426055,518.772631141115,341.5660074029576,0.3415660074029576,1.014673443943608,0.3415660074029576,58
48201,2035,mid,ERCOT,TX,"Harris, TX",0.004015008871167304,515.6250048991162,341.0338087238747,0.3410338087238747,1.019276877337681,0.3410338087238747,59
18011,2035,mid,MISO,IN,"Boone, IN",0.003814874027504096,489.9228126859461,324.0344071825831,0.3240344071825831,1.019276877337681,0.3240344071825831,60
35025,2035,mid,SPP,NM,"Lea, NM",0.003814874027504096,489.9228126859461,324.0344071825831,0.3240344071825831,1.019276877337681,0.3240344071825831,61
42007,2035,mid,PJM,PA,"Beaver, PA",0.0036768594524624713,472.19837714533486,310.90097029389204,0.310900970293892,1.014673443943608,0.310900970293892,62
49027,2035,mid,Non-ISO,UT,"Millard, UT",0.003635566597283449,466.8953680270034,302.9638831069541,0.3029638831069541,1.0,0.3029638831069541,63
37161,2035,mid,Non-ISO,NC,"Rutherford, NC",0.00357639491620041,459.2962818662148,298.03290968336745,0.29803290968336743,1.0,0.29803290968336743,64
01073,2035,mid,Non-ISO,AL,"Jefferson, AL",0.003220199373213056,413.5520918802783,268.34994776775466,0.26834994776775467,1.0,0.26834994776775467,65
48027,2035,mid,ERCOT,TX,"Bell, TX",0.003154900820745887,405.1661660912774,267.9764547399962,0.2679764547399962,1.019276877337681,0.2679764547399962,66
53007,2035,mid,Non-ISO,WA,"Chelan, WA",0.00321152872868968,412.43856977651654,267.62739405747334,0.2676273940574733,1.0,0.2676273940574733,67
13135,2035,mid,Non-ISO,GA,"Gwinnett, GA",0.003123510424507489,401.1348740733588,260.2925353756241,0.2602925353756241,1.0,0.2602925353756241,68
39159,2035,mid,PJM,OH,"Union, OH",0.0030145303046585944,387.1391702943394,254.89698717502583,0.25489698717502585,1.014673443943608,0.25489698717502585,69
06067,2035,mid,CAISO,CA,"Sacramento, CA",0.0029667432283834493,381.00214489062654,248.24815064395884,0.24824815064395883,1.0041239090821903,0.24824815064395883,70
48061,2035,mid,ERCOT,TX,"Cameron, TX",0.0028902103754163662,371.173461081362,245.4937171919467,0.2454937171919467,1.019276877337681,0.2454937171919467,71
13113,2035,mid,Non-ISO,GA,"Fayette, GA",0.0028611555206280712,367.4421095144595,238.4296267190059,0.23842962671900592,1.0,0.23842962671900592,72
48223,2035,mid,ERCOT,TX,"Hopkins, TX",0.0026930122942840358,345.84842076074324,228.743763495818,0.22874376349581801,1.019276877337681,0.22874376349581801,73
45003,2035,mid,Non-ISO,SC,"Aiken, SC",0.0026982062948455727,346.51545703660827,224.8505245704644,0.2248505245704644,1.0,0.2248505245704644,74
04021,2035,mid,Non-ISO,AZ,"Pinal, AZ",0.0026930122942840358,345.84842076074324,224.4176911903363,0.2244176911903363,1.0,0.2244176911903363,75
48491,2035,mid,ERCOT,TX,"Williamson, TX",0.0026210535305548907,336.60716150305507,222.63160482990776,0.22263160482990776,1.019276877337681,0.22263160482990776,76
47125,2035,mid,Non-ISO,TN,"Montgomery, TN",0.002576128588042067,330.8377038389348,214.6773823368389,0.2146773823368389,1.0,0.2146773823368389,77
26125,2035,mid,MISO,MI,"Oakland, MI",0.002272805800814255,291.88366446594506,193.05153328741008,0.1930515332874101,1.019276877337681,0.1930515332874101,78
13015,2035,mid,Non-ISO,GA,"Bartow, GA",0.002314257720737685,297.2071013746616,192.85481006147373,0.19285481006147373,1.0,0.19285481006147373,79
48011,2035,mid,ERCOT,TX,"Armstrong, TX",0.0022385700437901105,287.48695876746746,190.14355699467163,0.19014355699467161,1.019276877337681,0.19014355699467161,80
26025,2035,mid,MISO,MI,"Calhoun, MI",0.0021988353306792463,282.3840530704004,186.7685008028758,0.1867685008028758,1.019276877337681,0.1867685008028758,81
08005,2035,mid,Non-ISO,CO,"Arapahoe, CO",0.0022276737614926488,286.08761052359233,185.63948012438738,0.18563948012438738,1.0,0.18563948012438738,82
40143,2035,mid,SPP,OK,"Tulsa, OK",0.0021669310092218438,278.2867605274344,184.05855604048585,0.18405855604048585,1.019276877337681,0.18405855604048585,83
37027,2035,mid,Non-ISO,NC,"Caldwell, NC",0.0021876916036195015,280.95292688758207,182.30763363495845,0.18230763363495844,1.0,0.18230763363495844,84
51085,2035,mid,PJM,VA,"Hanover, VA",0.0021544098354272286,276.6787366085946,182.1685372815773,0.1821685372815773,1.014673443943608,0.1821685372815773,85
20091,2035,mid,SPP,KS,"Johnson, KS",0.002115219994716149,271.64580580892465,179.66623592470853,0.17966623592470854,1.019276877337681,0.17966623592470854,86
29165,2035,mid,SPP,MO,"Platte, MO",0.002049038580938181,263.14649910787267,174.0448038602585,0.1740448038602585,1.019276877337681,0.1740448038602585,87
49035,2035,mid,Non-ISO,UT,"Salt Lake, UT",0.0020617160596228122,264.7745963845223,171.80967163523434,0.17180967163523433,1.0,0.17180967163523433,88
06037,2035,mid,CAISO,CA,"Los Angeles, CA",0.00205177832350967,263.49834883527706,171.6866392310527,0.1716866392310527,1.0041239090821903,0.1716866392310527,89
39045,2035,mid,PJM,OH,"Fairfield, OH",0.002002324336127795,257.1472514145019,169.308777502574,0.169308777502574,1.014673443943608,0.169308777502574,90
13067,2035,mid,Non-ISO,GA,"Cobb, GA",0.0019168240503929055,246.16693065667727,159.7353375327421,0.1597353375327421,1.0,0.1597353375327421,91
51179,2035,mid,PJM,VA,"Stafford, VA",0.0018851086059988255,242.0938945325203,159.3974701213802,0.1593974701213802,1.014673443943608,0.1593974701213802,92
42069,2035,mid,PJM,PA,"Lackawanna, PA",0.0018851086059988255,242.0938945325203,159.3974701213802,0.1593974701213802,1.014673443943608,0.1593974701213802,93
28089,2035,mid,MISO,MS,"Madison, MS",0.0018726584394279338,240.49498967200765,159.0631205383466,0.1590631205383466,1.019276877337681,0.1590631205383466,94
39041,2035,mid,PJM,OH,"Delaware, OH",0.0016751175629244584,215.12592607009665,141.64144221524862,0.1416414422152486,1.014673443943608,0.1416414422152486,95
08041,2035,mid,Non-ISO,CO,"El Paso, CO",0.0016928653947539485,217.405180280404,141.0721162294957,0.1410721162294957,1.0,0.1410721162294957,96
41065,2035,mid,Non-ISO,OR,"Wasco, OR",0.0016619140069550654,213.43026764694983,138.49283391292212,0.13849283391292214,1.0,0.13849283391292214,97
54059,2035,mid,PJM,WV,"Mingo, WV",0.0016122166935113762,207.04792122876495,136.32278873238036,0.13632278873238035,1.014673443943608,0.13632278873238035,98
37119,2035,mid,Non-ISO,NC,"Mecklenburg, NC",0.0015576364080626861,200.03848218269533,129.80303400522382,0.12980303400522383,1.0,0.12980303400522383,99
54093,2035,mid,PJM,WV,"Tucker, WV",0.0014865427864447882,190.9083282599303,125.69629072428837,0.12569629072428837,1.014673443943608,0.12569629072428837,100
48121,2035,mid,ERCOT,TX,"Denton, TX",0.001449273629617816,186.12206008764943,123.10092496705786,0.12310092496705786,1.019276877337681,0.12310092496705786,101
42091,2035,mid,PJM,PA,"Montgomery, PA",0.0014431278364246394,185.33279043793647,122.02529098632306,0.12202529098632306,1.014673443943608,0.12202529098632306,102
32019,2035,mid,CAISO,NV,"Lyon, NV",0.001436273223618153,184.45249107239644,120.18302365079487,0.12018302365079486,1.0041239090821903,0.12018302365079486,103
51145,2035,mid,PJM,VA,"Powhatan, VA",0.001392429020038995,178.8218266303703,117.73839576749917,0.11773839576749917,1.014673443943608,0.11773839576749917,104
39017,2035,mid,PJM,OH,"Butler, OH",0.0013861060940034732,178.00980880608722,117.20375367281055,0.11720375367281055,1.014673443943608,0.11720375367281055,105
48331,2035,mid,ERCOT,TX,"Milam, TX",0.0013465061471420179,172.92421038037162,114.371881747909,0.11437188174790901,1.019276877337681,0.11437188174790901,106
39155,2035,mid,PJM,OH,"Trumbull, OH",0.0013465061471420179,172.92421038037162,113.85533580098583,0.11385533580098582,1.014673443943608,0.11385533580098582,107
48325,2035,mid,ERCOT,TX,"Medina, TX",0.0013208364639519096,169.62759736023395,112.19150553755391,0.11219150553755391,1.019276877337681,0.11219150553755391,108
47037,2035,mid,Non-ISO,TN,"Davidson, TN",0.0013115371413689207,168.4333376695902,109.29476178074339,0.10929476178074339,1.0,0.10929476178074339,109
48151,2035,mid,ERCOT,TX,"Fisher, TX",0.0012716246758346986,163.3076042286487,108.01146906086103,0.10801146906086104,1.019276877337681,0.10801146906086104,110
36029,2035,mid,NYISO,NY,"Erie, NY",0.0012634936707185452,162.2633849784849,106.25044278715939,0.10625044278715938,1.0091109619257697,0.10625044278715938,111
01071,2035,mid,Non-ISO,AL,"Jackson, AL",0.00127460188023973,163.6899498436121,106.21682335331083,0.10621682335331083,1.0,0.10621682335331083,112
39165,2035,mid,PJM,OH,"Warren, OH",0.0012491625247993362,160.42291652077668,105.62433675695291,0.10562433675695292,1.014673443943608,0.10562433675695292,113
29095,2035,mid,SPP,MO,"Jackson, MO",0.001238785655370657,159.09027354994194,105.2221312080763,0.1052221312080763,1.019276877337681,0.1052221312080763,114
26081,2035,mid,MISO,MI,"Kent, MI",0.0012207596888013103,156.7753000595027,103.69101029842656,0.10369101029842656,1.019276877337681,0.10369101029842656,115
42041,2035,mid,PJM,PA,"Cumberland, PA",0.0012118555324278164,155.63178934233449,102.46980222088727,0.10246980222088728,1.014673443943608,0.10246980222088728,116
40113,2035,mid,SPP,OK,"Osage, OK",0.001205765755936019,154.8497136024857,102.41742954259782,0.10241742954259782,1.019276877337681,0.10241742954259782,117
18019,2035,mid,MISO,IN,"Clark, IN",0.001205765755936019,154.8497136024857,102.41742954259782,0.10241742954259782,1.019276877337681,0.10241742954259782,118
05035,2035,mid,MISO,AR,"Crittenden, AR",0.001205765755936019,154.8497136024857,102.41742954259782,0.10241742954259782,1.019276877337681,0.10241742954259782,119
13207,2035,mid,Non-ISO,GA,"Monroe, GA",0.001205765755936019,154.8497136024857,100.48047966133491,0.10048047966133491,1.0,0.10048047966133491,120
13255,2035,mid,Non-ISO,GA,"Spalding, GA",0.001205765755936019,154.8497136024857,100.48047966133491,0.10048047966133491,1.0,0.10048047966133491,121
12099,2035,mid,Non-ISO,FL,"Palm Beach, FL",0.001205765755936019,154.8497136024857,100.48047966133491,0.10048047966133491,1.0,0.10048047966133491,122
42077,2035,mid,PJM,PA,"Lehigh, PA",0.0011509965877863758,147.81601741359788,97.32380597471193,0.09732380597471194,1.014673443943608,0.09732380597471194,123
42079,2035,mid,PJM,PA,"Luzerne, PA",0.001145490385018413,147.108886764499,96.85822283091022,0.09685822283091022,1.014673443943608,0.09685822283091022,124
26163,2035,mid,MISO,MI,"Wayne, MI",0.0011219253237640145,144.08255850106613,95.29604505102094,0.09529604505102093,1.019276877337681,0.09529604505102093,125
35005,2035,mid,SPP,NM,"Chaves, NM",0.0011131117483040684,142.95068058110724,94.54742224493813,0.09454742224493813,1.019276877337681,0.09454742224493813,126
39035,2035,mid,PJM,OH,"Cuyahoga, OH",0.0011019244517516216,141.5139590134196,93.17445653537416,0.09317445653537416,1.014673443943608,0.09317445653537416,127
48489,2035,mid,ERCOT,TX,"Willacy, TX",0.0010910539718661711,140.11792442818054,92.67384045421875,0.09267384045421875,1.019276877337681,0.09267384045421875,128
17063,2035,mid,PJM,IL,"Grundy, IL",0.0010846477202980217,139.2952055744482,91.71360315169808,0.09171360315169808,1.014673443943608,0.09171360315169808,129
10003,2035,mid,PJM,DE,"New Castle, DE",0.0010772049177136143,138.3393683042973,91.08426864078865,0.09108426864078865,1.014673443943608,0.09108426864078865,130
38017,2035,mid,MISO,ND,"Cass, ND",0.0010681647277011467,137.1783875520649,90.72963401112325,0.09072963401112326,1.019276877337681,0.09072963401112326,131
13285,2035,mid,Non-ISO,GA,"Troup, GA",0.0010772049177136143,138.3393683042973,89.76707647613452,0.08976707647613452,1.0,0.08976707647613452,132
28149,2035,mid,MISO,MS,"Warren, MS",0.001054572327910997,135.43279210426476,89.57509910998749,0.0895750991099875,1.019276877337681,0.0895750991099875,133
35001,2035,mid,Non-ISO,NM,"Bernalillo, NM",0.001008521413986014,129.51873226527005,84.04345116550115,0.08404345116550116,1.0,0.08404345116550116,134
08035,2035,mid,Non-ISO,CO,"Douglas, CO",0.001007908417469378,129.44000857074388,83.99236812244816,0.08399236812244816,1.0,0.08399236812244816,135
48469,2035,mid,ERCOT,TX,"Victoria, TX",0.000953718506876024,122.48070317148652,81.00860179564577,0.08100860179564577,1.019276877337681,0.08100860179564577,136
06001,2035,mid,CAISO,CA,"Alameda, CA",0.0009588020660823422,123.13355608533344,80.2296732192235,0.0802296732192235,1.0041239090821903,0.0802296732192235,137
51033,2035,mid,PJM,VA,"Caroline, VA",0.000935737143213573,120.17145778148856,79.1223024775391,0.0791223024775391,1.014673443943608,0.0791223024775391,138
31055,2035,mid,SPP,NE,"Douglas, NE",0.0009208407020883478,118.2583916402572,78.21596961250407,0.07821596961250407,1.019276877337681,0.07821596961250407,139
13247,2035,mid,Non-ISO,GA,"Rockdale, GA",0.0009371193063008144,120.3489612121156,78.09327552506787,0.07809327552506787,1.0,0.07809327552506787,140
24031,2035,mid,PJM,MD,"Montgomery, MD",0.0009191708191411784,118.04393796644382,77.72151838587055,0.07772151838587055,1.014673443943608,0.07772151838587055,141
53053,2035,mid,Non-ISO,WA,"Pierce, WA",0.0009298224336581884,119.41186490353176,77.48520280484902,0.07748520280484902,1.0,0.07748520280484902,142
27053,2035,mid,MISO,MN,"Hennepin, MN",0.0008988172475268893,115.430043252861,76.3453031130381,0.0763453031130381,1.019276877337681,0.0763453031130381,143
24017,2035,mid,PJM,MD,"Charles, MD",0.0008976707647613454,115.28280692024776,75.90355720065722,0.07590355720065722,1.014673443943608,0.07590355720065722,144
54053,2035,mid,PJM,WV,"Mason, WV",0.0008976707647613454,115.28280692024776,75.90355720065722,0.07590355720065722,1.014673443943608,0.07590355720065722,145
36027,2035,mid,NYISO,NY,"Dutchess, NY",0.0008976707647613454,115.28280692024776,75.48745074341353,0.07548745074341354,1.0091109619257697,0.07548745074341354,146
34003,2035,mid,PJM,NJ,"Bergen, NJ",0.0008919721197577873,114.55096199731894,75.42170188802619,0.07542170188802619,1.014673443943608,0.07542170188802619,147
45029,2035,mid,Non-ISO,SC,"Colleton, SC",0.0008976707647613454,115.28280692024776,74.80589706344544,0.07480589706344544,1.0,0.07480589706344544,148
37183,2035,mid,PJM,NC,"Wake, NC",0.0008799358336463586,113.00520947613752,74.40396023127836,0.07440396023127836,1.014673443943608,0.07440396023127836,149
51047,2035,mid,PJM,VA,"Culpeper, VA",0.0008346630900508512,107.19108567534924,70.57587267620926,0.07057587267620925,1.014673443943608,0.07057587267620925,150
08014,2035,mid,Non-ISO,CO,"Broomfield, CO",0.0008358074244219502,107.33804610174865,69.65061870182917,0.06965061870182918,1.0,0.06965061870182918,151
47187,2035,mid,Non-ISO,TN,"Williamson, TN",0.0008239827092913956,105.81946445155413,68.66522577428296,0.06866522577428295,1.0,0.06866522577428295,152
37065,2035,mid,PJM,NC,"Edgecombe, NC",0.0008079036882852107,103.75452622822296,68.3132014805915,0.0683132014805915,1.014673443943608,0.0683132014805915,153
13289,2035,mid,Non-ISO,GA,"Twiggs, GA",0.0008079036882852107,103.75452622822296,67.3253073571009,0.06732530735710089,1.0,0.06732530735710089,154
13215,2035,mid,Non-ISO,GA,"Muscogee, GA",0.0008019306075921258,102.98743707338896,66.82755063267714,0.06682755063267715,1.0,0.06682755063267715,155
06075,2035,mid,CAISO,CA,"San Francisco, CA",0.0007941591973206521,101.98939856640638,66.45285313726563,0.06645285313726564,1.0041239090821903,0.06645285313726564,156
06073,2035,mid,CAISO,CA,"San Diego, CA",0.000774913821418504,99.51782319453294,64.84245796371387,0.06484245796371386,1.0041239090821903,0.06484245796371386,157
29097,2035,mid,SPP,MO,"Jasper, MO",0.0007629748055008193,97.98456253718923,64.80688143651663,0.06480688143651664,1.019276877337681,0.06480688143651664,158
18003,2035,mid,PJM,IN,"Allen, IN",0.0007629748055008193,97.98456253718923,64.5141894616434,0.0645141894616434,1.014673443943608,0.0645141894616434,159
13117,2035,mid,Non-ISO,GA,"Forsyth, GA",0.0007715449562612765,99.08517879225673,64.29541302177304,0.06429541302177304,1.0,0.06429541302177304,160
21167,2035,mid,PJM,KY,"Mercer, KY",0.0007466187576632467,95.88404731617888,63.131185512588715,0.06313118551258871,1.014673443943608,0.06313118551258871,161
42133,2035,mid,PJM,PA,"York, PA",0.0007432713932223942,95.45416412996516,62.8481453621442,0.0628481453621442,1.014673443943608,0.0628481453621442,162
06055,2035,mid,CAISO,CA,"Napa, CA",0.0007231182314470327,92.86600692469048,60.508358774099534,0.06050835877409953,1.0041239090821903,0.06050835877409953,163
46099,2035,mid,SPP,SD,"Minnehaha, SD",0.0006974232378915442,89.56614343669784,59.23894834173565,0.05923894834173565,1.019276877337681,0.05923894834173565,164
55027,2035,mid,MISO,WI,"Dodge, WI",0.0006869358897926504,88.21931231168998,58.348155723252844,0.058348155723252845,1.019276877337681,0.058348155723252845,165
45083,2035,mid,Non-ISO,SC,"Spartanburg, SC",0.0006869358897926504,88.21931231168998,57.24465748272087,0.05724465748272087,1.0,0.05724465748272087,166
08123,2035,mid,SPP,CO,"Weld, CO",0.0006732530735710089,86.46210519018581,57.1859408739545,0.057185940873954504,1.019276877337681,0.057185940873954504,167
12086,2035,mid,Non-ISO,FL,"Miami-Dade, FL",0.0006764154150827061,86.86822692236207,56.36795125689218,0.056367951256892174,1.0,0.056367951256892174,168
51061,2035,mid,PJM,VA,"Fauquier, VA",0.0006503496365775753,83.52074560895221,54.99104212613685,0.05499104212613685,1.014673443943608,0.05499104212613685,169
27019,2035,mid,MISO,MN,"Carver, MN",0.0006019137172953675,77.30039294758421,51.126394515961486,0.05112639451596149,1.019276877337681,0.05112639451596149,170
25017,2035,mid,ISO-NE,MA,"Middlesex, MA",0.0005950508215112906,76.41902984582401,50.03935890749816,0.05003935890749816,1.0091109619257697,0.05003935890749816,171
53061,2035,mid,Non-ISO,WA,"Snohomish, WA",0.0005853361593237331,75.17143042605082,48.77801327697776,0.04877801327697776,1.0,0.04877801327697776,172
48355,2035,mid,ERCOT,TX,"Nueces, TX",0.0005722311041256145,73.48842190289193,48.60516107738747,0.04860516107738747,1.019276877337681,0.04860516107738747,173
29139,2035,mid,MISO,MO,"Montgomery, MO",0.0005674529016950435,72.87478424212236,48.1993018063275,0.0481993018063275,1.019276877337681,0.0481993018063275,174
01101,2035,mid,Non-ISO,AL,"Montgomery, AL",0.0005722311041256145,73.48842190289193,47.6859253438012,0.0476859253438012,1.0,0.0476859253438012,175
48339,2035,mid,ERCOT,TX,"Montgomery, TX",0.0005602299541641198,71.9471817198057,47.58578652261968,0.047585786522619675,1.019276877337681,0.047585786522619675,176
12057,2035,mid,Non-ISO,FL,"Hillsborough, FL",0.000568465429105012,73.00481744191795,47.37211909208433,0.04737211909208433,1.0,0.04737211909208433,177
42003,2035,mid,PJM,PA,"Allegheny, PA",0.0005500250810395393,70.63662726682716,46.507986936145954,0.046507986936145954,1.014673443943608,0.046507986936145954,178
39153,2035,mid,PJM,OH,"Summit, OH",0.0005477014073267055,70.33821092255255,46.31150610207909,0.04631150610207909,1.014673443943608,0.04631150610207909,179
24003,2035,mid,PJM,MD,"Anne Arundel, MD",0.0005474814034195884,70.30995705828347,46.292903425236126,0.04629290342523613,1.014673443943608,0.04629290342523613,180
48217,2035,mid,ERCOT,TX,"Hill, TX",0.0005386024588568072,69.16968415214865,45.748752699163596,0.0457487526991636,1.019276877337681,0.0457487526991636,181
20209,2035,mid,SPP,KS,"Wyandotte, KS",0.0005386024588568072,69.16968415214865,45.748752699163596,0.0457487526991636,1.019276877337681,0.0457487526991636,182
42101,2035,mid,PJM,PA,"Philadelphia, PA",0.0005315257259720777,68.26085915438532,44.94375324305955,0.04494375324305955,1.014673443943608,0.04494375324305955,183
12095,2035,mid,Non-ISO,FL,"Orange, FL",0.0005150547760902931,66.1455877101608,42.92123134085775,0.04292123134085775,1.0,0.04292123134085775,184
24027,2035,mid,PJM,MD,"Howard, MD",0.0004984150300662464,64.00863872686386,42.144041255881255,0.042144041255881254,1.014673443943608,0.042144041255881254,185
55101,2035,mid,MISO,WI,"Racine, WI",0.0004791400356455281,61.53325961525464,40.69802994501992,0.04069802994501992,1.019276877337681,0.04069802994501992,186
39061,2035,mid,PJM,OH,"Hamilton, OH",0.000475380447576043,61.05043686717356,40.19632632711978,0.04019632632711978,1.014673443943608,0.04019632632711978,187
36063,2035,mid,NYISO,NY,"Niagara, NY",0.00047125735632574695,60.52093145028632,39.62924701303914,0.03962924701303914,1.0091109619257697,0.03962924701303914,188
27101,2035,mid,MISO,MN,"Murray, MN",0.0004630193845973623,59.462975079800856,39.32874603993452,0.03932874603993452,1.019276877337681,0.03932874603993452,189
36061,2035,mid,NYISO,NY,"New York, NY",0.0004659528667070009,59.83970568630487,39.1831787945643,0.039183178794564295,1.0091109619257697,0.039183178794564295,190
17107,2035,mid,MISO,IL,"Logan, IL",0.0004488353823806727,57.64140346012388,38.123960582636336,0.03812396058263633,1.019276877337681,0.03812396058263633,191
34031,2035,mid,PJM,NJ,"Passaic, NJ",0.0004497928570872781,57.76436655089799,38.03273894683197,0.03803273894683197,1.014673443943608,0.03803273894683197,192
42125,2035,mid,PJM,PA,"Washington, PA",0.0004488353823806727,57.64140346012388,37.95177860032861,0.03795177860032861,1.014673443943608,0.03795177860032861,193
36037,2035,mid,NYISO,NY,"Genesee, NY",0.0004488353823806727,57.64140346012388,37.743725371706766,0.03774372537170677,1.0091109619257697,0.03774372537170677,194
28121,2035,mid,MISO,MS,"Rankin, MS",0.00044252538719047525,56.83104627156976,37.58799123317965,0.03758799123317965,1.019276877337681,0.03758799123317965,195
30013,2035,mid,Non-ISO,MT,"Cascade, MT",0.0004488353823806727,57.64140346012388,37.40294853172272,0.03740294853172272,1.0,0.03740294853172272,196
30111,2035,mid,Non-ISO,MT,"Yellowstone, MT",0.0004488353823806727,57.64140346012388,37.40294853172272,0.03740294853172272,1.0,0.03740294853172272,197
01121,2035,mid,Non-ISO,AL,"Talladega, AL",0.0004488353823806727,57.64140346012388,37.40294853172272,0.03740294853172272,1.0,0.03740294853172272,198
21111,2035,mid,PJM,KY,"Jefferson, KY",0.0004334964644187041,55.67151250768178,36.65477920742535,0.036654779207425346,1.014673443943608,0.036654779207425346,199
21091,2035,mid,MISO,KY,"Hancock, KY",0.0004308819670854458,55.33574732171892,36.59900215933089,0.03659900215933089,1.019276877337681,0.03659900215933089,200
26045,2035,mid,MISO,MI,"Eaton, MI",0.0004260858831069425,54.71981323433212,36.1916240342427,0.0361916240342427,1.019276877337681,0.0361916240342427,201
18105,2035,mid,MISO,IN,"Monroe, IN",0.0004188276489896728,53.78767905421809,35.575111517073005,0.035575111517073,1.019276877337681,0.035575111517073,202
34039,2035,mid,PJM,NJ,"Union, NJ",0.00041920521930789056,53.836168286353754,35.446366966189395,0.03544636696618939,1.014673443943608,0.03544636696618939,203
45051,2035,mid,Non-ISO,SC,"Horry, SC",0.00040842447622183573,52.451658093491595,34.03537301848631,0.03403537301848631,1.0,0.03403537301848631,204
37179,2035,mid,Non-ISO,NC,"Union, NC",0.0003904752589716838,50.14654108640161,32.539604914306985,0.032539604914306984,1.0,0.032539604914306984,205
06059,2035,mid,CAISO,CA,"Orange, CA",0.0003883110832701851,49.86860817454645,32.49270357276651,0.032492703572766506,1.0041239090821903,0.032492703572766506,206
48075,2035,mid,ERCOT,TX,"Childress, TX",0.0003814874027504097,48.992281268594624,32.40344071825832,0.03240344071825832,1.019276877337681,0.03240344071825832,207
08001,2035,mid,Non-ISO,CO,"Adams, CO",0.0003822744001824437,49.093350921930195,31.85620001520364,0.03185620001520364,1.0,0.03185620001520364,208
08031,2035,mid,Non-ISO,CO,"Denver, CO",0.0003778188803980343,48.52115357831728,31.484906699836188,0.03148490669983619,1.0,0.03148490669983619,209
39109,2035,mid,PJM,OH,"Miami, OH",0.0003658658937732575,46.98609874164696,30.936200538034786,0.030936200538034787,1.014673443943608,0.030936200538034787,210
12105,2035,mid,Non-ISO,FL,"Polk, FL",0.0003695927899545451,47.46472305441871,30.799399162878757,0.030799399162878757,1.0,0.030799399162878757,211
39023,2035,mid,PJM,OH,"Clark, OH",0.00035508045326327286,45.60098528505251,30.0242255324752,0.0300242255324752,1.014673443943608,0.0300242255324752,212
48161,2035,mid,ERCOT,TX,"Freestone, TX",0.00034111489060931123,43.80746662969415,28.974210042803616,0.028974210042803615,1.019276877337681,0.028974210042803615,213
36089,2035,mid,NYISO,NY,"St. Lawrence, NY",0.00033752420755026594,43.34633540201317,28.3832814795235,0.0283832814795235,1.0091109619257697,0.0283832814795235,214
39099,2035,mid,PJM,OH,"Mahoning, OH",0.00033483380019931,43.000821519471245,28.312247099746653,0.028312247099746654,1.014673443943608,0.028312247099746654,215
51660,2035,mid,PJM,VA,"Harrisonburg, VA",0.00032473524166471904,41.70392045126548,27.45835216915002,0.027458352169150022,1.014673443943608,0.027458352169150022,216
12011,2035,mid,Non-ISO,FL,"Broward, FL",0.0003268426354643233,41.97456118285854,27.236886288693604,0.027236886288693606,1.0,0.027236886288693606,217
36067,2035,mid,NYISO,NY,"Onondaga, NY",0.0003233559729859648,41.52678873323939,27.19183807869251,0.02719183807869251,1.0091109619257697,0.02719183807869251,218
17119,2035,mid,MISO,IL,"Madison, IL",0.0003188123377223975,40.9432752142878,27.079837004200954,0.027079837004200955,1.019276877337681,0.027079837004200955,219
36103,2035,mid,NYISO,NY,"Suffolk, NY",0.000321215924165434,41.25195430099323,27.011875851704676,0.027011875851704677,1.0091109619257697,0.027011875851704677,220
17197,2035,mid,PJM,IL,"Will, IL",0.0003141847676664708,40.348982422086706,26.56624502023002,0.02656624502023002,1.014673443943608,0.02656624502023002,221
41047,2035,mid,Non-ISO,OR,"Marion, OR",0.00031567099604881953,40.5398503731971,26.305916337401626,0.026305916337401626,1.0,0.026305916337401626,222
22037,2035,mid,MISO,LA,"East Feliciana, LA",0.0002924963023999764,37.563654825527955,24.844559811922167,0.024844559811922167,1.019276877337681,0.024844559811922167,223
06025,2035,mid,CAISO,CA,"Imperial, CA",0.00029623135237124404,38.043326283681765,24.787748627976445,0.024787748627976443,1.0041239090821903,0.024787748627976443,224
19113,2035,mid,MISO,IA,"Linn, IA",0.00028611555206280723,36.744210951445964,24.302580538693736,0.024302580538693736,1.019276877337681,0.024302580538693736,225
31109,2035,mid,SPP,NE,"Lancaster, NE",0.00028611555206280723,36.744210951445964,24.302580538693736,0.024302580538693736,1.019276877337681,0.024302580538693736,226
48277,2035,mid,ERCOT,TX,"Lamar, TX",0.00028611555206280723,36.744210951445964,24.302580538693736,0.024302580538693736,1.019276877337681,0.024302580538693736,227
40145,2035,mid,SPP,OK,"Wagoner, OK",0.00028611555206280723,36.744210951445964,24.302580538693736,0.024302580538693736,1.019276877337681,0.024302580538693736,228
54011,2035,mid,PJM,WV,"Cabell, WV",0.00028611555206280723,36.744210951445964,24.192821048116272,0.02419282104811627,1.014673443943608,0.02419282104811627,229
17093,2035,mid,PJM,IL,"Kendall, IL",0.00028611555206280723,36.744210951445964,24.192821048116272,0.02419282104811627,1.014673443943608,0.02419282104811627,230
54061,2035,mid,PJM,WV,"Monongalia, WV",0.00028611555206280723,36.744210951445964,24.192821048116272,0.02419282104811627,1.014673443943608,0.02419282104811627,231
24510,2035,mid,PJM,MD,"Baltimore, MD",0.0002857276040425125,36.69438896940713,24.160017668630978,0.02416001766863098,1.014673443943608,0.02416001766863098,232
24005,2035,mid,PJM,MD,"Baltimore, MD",0.0002857276040425125,36.69438896940713,24.160017668630978,0.02416001766863098,1.014673443943608,0.02416001766863098,233
18031,2035,mid,MISO,IN,"Decatur, IN",0.00028372645084752174,36.43739212106118,24.09965090316375,0.02409965090316375,1.019276877337681,0.02409965090316375,234
48451,2035,mid,ERCOT,TX,"Tom Green, TX",0.00028372645084752174,36.43739212106118,24.09965090316375,0.02409965090316375,1.019276877337681,0.02409965090316375,235
55059,2035,mid,MISO,WI,"Kenosha, WI",0.00028372645084752174,36.43739212106118,24.09965090316375,0.02409965090316375,1.019276877337681,0.02409965090316375,236
05071,2035,mid,SPP,AR,"Johnson, AR",0.00028372645084752174,36.43739212106118,24.09965090316375,0.02409965090316375,1.019276877337681,0.02409965090316375,237
42017,2035,mid,PJM,PA,"Bucks, PA",0.00028372645084752174,36.43739212106118,23.990807918279305,0.023990807918279306,1.014673443943608,0.023990807918279306,238
21185,2035,mid,PJM,KY,"Oldham, KY",0.00028372645084752174,36.43739212106118,23.990807918279305,0.023990807918279306,1.014673443943608,0.023990807918279306,239
42107,2035,mid,PJM,PA,"Schuylkill, PA",0.00028372645084752174,36.43739212106118,23.990807918279305,0.023990807918279306,1.014673443943608,0.023990807918279306,240
42029,2035,mid,PJM,PA,"Chester, PA",0.00028372645084752174,36.43739212106118,23.990807918279305,0.023990807918279306,1.014673443943608,0.023990807918279306,241
42011,2035,mid,PJM,PA,"Berks, PA",0.00028372645084752174,36.43739212106118,23.990807918279305,0.023990807918279306,1.014673443943608,0.023990807918279306,242
13073,2035,mid,Non-ISO,GA,"Columbia, GA",0.00028611555206280723,36.744210951445964,23.8429626719006,0.0238429626719006,1.0,0.0238429626719006,243
13245,2035,mid,Non-ISO,GA,"Richmond, GA",0.00028611555206280723,36.744210951445964,23.8429626719006,0.0238429626719006,1.0,0.0238429626719006,244
37097,2035,mid,Non-ISO,NC,"Iredell, NC",0.00028611555206280723,36.744210951445964,23.8429626719006,0.0238429626719006,1.0,0.0238429626719006,245
21107,2035,mid,Non-ISO,KY,"Hopkins, KY",0.00028407102218075945,36.481643479175155,23.672585181729954,0.023672585181729953,1.0,0.023672585181729953,246
13139,2035,mid,Non-ISO,GA,"Hall, GA",0.00028372645084752174,36.43739212106118,23.643870903960142,0.023643870903960144,1.0,0.023643870903960144,247
04005,2035,mid,Non-ISO,AZ,"Coconino, AZ",0.00028372645084752174,36.43739212106118,23.643870903960142,0.023643870903960144,1.0,0.023643870903960144,248
13169,2035,mid,Non-ISO,GA,"Jones, GA",0.00028372645084752174,36.43739212106118,23.643870903960142,0.023643870903960144,1.0,0.023643870903960144,249
53005,2035,mid,Non-ISO,WA,"Benton, WA",0.00028372645084752174,36.43739212106118,23.643870903960142,0.023643870903960144,1.0,0.023643870903960144,250
27025,2035,mid,MISO,MN,"Chisago, MN",0.0002693012294284036,34.584842076074324,22.874376349581798,0.0228743763495818,1.019276877337681,0.0228743763495818,251
48039,2035,mid,ERCOT,TX,"Brazoria, TX",0.0002693012294284036,34.584842076074324,22.874376349581798,0.0228743763495818,1.019276877337681,0.0228743763495818,252
34011,2035,mid,PJM,NJ,"Cumberland, NJ",0.0002693012294284036,34.584842076074324,22.771067160197163,0.022771067160197164,1.014673443943608,0.022771067160197164,253
51011,2035,mid,PJM,VA,"Appomattox, VA",0.0002693012294284036,34.584842076074324,22.771067160197163,0.022771067160197164,1.014673443943608,0.022771067160197164,254
25013,2035,mid,ISO-NE,MA,"Hampden, MA",0.0002693012294284036,34.584842076074324,22.646235223024057,0.022646235223024058,1.0091109619257697,0.022646235223024058,255
04019,2035,mid,Non-ISO,AZ,"Pima, AZ",0.0002716711218191882,34.88919402517809,22.639260151599018,0.02263926015159902,1.0,0.02263926015159902,256
45021,2035,mid,Non-ISO,SC,"Cherokee, SC",0.0002693012294284036,34.584842076074324,22.44176911903363,0.02244176911903363,1.0,0.02244176911903363,257
53063,2035,mid,Non-ISO,WA,"Spokane, WA",0.00026315762779033575,33.79585387545649,21.929802315861313,0.02192980231586131,1.0,0.02192980231586131,258
36001,2035,mid,NYISO,NY,"Albany, NY",0.00024974721848798745,32.07363044230822,21.0018879905582,0.0210018879905582,1.0091109619257697,0.0210018879905582,259
23005,2035,mid,ISO-NE,ME,"Cumberland, ME",0.00024601149333950285,31.593872274942303,20.68774122405173,0.02068774122405173,1.0091109619257697,0.02068774122405173,260
17097,2035,mid,PJM,IL,"Lake, IL",0.0002443146479093945,31.37595596110903,20.658298766674612,0.02065829876667461,1.014673443943608,0.02065829876667461,261
06095,2035,mid,CAISO,CA,"Solano, CA",0.0002455095469164604,31.52941011927959,20.543500497229466,0.020543500497229465,1.0041239090821903,0.020543500497229465,262
19163,2035,mid,MISO,IA,"Scott, IA",0.00023979268809826813,30.79522609859001,20.367928527767603,0.020367928527767604,1.019276877337681,0.020367928527767604,263
37045,2035,mid,Non-ISO,NC,"Cleveland, NC",0.00024398403274347578,31.333496915060397,20.33200272862298,0.020332002728622983,1.0,0.020332002728622983,264
36119,2035,mid,NYISO,NY,"Westchester, NY",0.00023917249521571038,30.71557821526808,20.112632226109337,0.020112632226109338,1.0091109619257697,0.020112632226109338,265
24021,2035,mid,PJM,MD,"Frederick, MD",0.0002369850818969952,30.43466102694541,20.03853910097351,0.02003853910097351,1.014673443943608,0.02003853910097351,266
48035,2035,mid,ERCOT,TX,"Bosque, TX",0.0002355566236157615,30.251212164964397,20.00811831294007,0.02000811831294007,1.019276877337681,0.02000811831294007,267
17167,2035,mid,MISO,IL,"Sangamon, IL",0.00022892819865296922,29.3999608318834,19.445101621461564,0.019445101621461566,1.019276877337681,0.019445101621461566,268
48055,2035,mid,ERCOT,TX,"Caldwell, TX",0.0002288924416502458,29.39536876115677,19.44206443095499,0.01944206443095499,1.019276877337681,0.01944206443095499,269
31019,2035,mid,SPP,NE,"Buffalo, NE",0.00022866079018071605,29.365619065964584,19.422388015413908,0.01942238801541391,1.019276877337681,0.01942238801541391,270
25009,2035,mid,ISO-NE,MA,"Essex, MA",0.00022811466025597795,29.295482671711294,19.182750353356667,0.01918275035335667,1.0091109619257697,0.01918275035335667,271
48135,2035,mid,ERCOT,TX,"Ector, TX",0.00022441769119033636,28.82070173006194,19.061980291318168,0.019061980291318167,1.019276877337681,0.019061980291318167,272
42015,2035,mid,PJM,PA,"Bradford, PA",0.00022262234966081363,28.59013611622144,18.82408218576299,0.01882408218576299,1.014673443943608,0.01882408218576299,273
27109,2035,mid,MISO,MN,"Olmsted, MN",0.00021462429488624236,27.56299093058136,18.230131757704225,0.018230131757704226,1.019276877337681,0.018230131757704226,274
55133,2035,mid,MISO,WI,"Waukesha, WI",0.00021009789307137224,26.981690606507797,17.845660365417856,0.017845660365417855,1.019276877337681,0.017845660365417855,275
29189,2035,mid,MISO,MO,"St. Louis, MO",0.00020936052044991148,26.886993988454588,17.783028126831454,0.017783028126831454,1.019276877337681,0.017783028126831454,276
29510,2035,mid,MISO,MO,"St. Louis, MO",0.00020936052044991148,26.886993988454588,17.783028126831454,0.017783028126831454,1.019276877337681,0.017783028126831454,277
17019,2035,mid,MISO,IL,"Champaign, IL",0.00020264421078937804,26.02445611799412,17.212546531996338,0.017212546531996338,1.019276877337681,0.017212546531996338,278
42025,2035,mid,PJM,PA,"Carbon, PA",0.00020096095932266983,25.808285600414283,16.99247905784539,0.01699247905784539,1.014673443943608,0.01699247905784539,279
05119,2035,mid,MISO,AR,"Pulaski, AR",0.00019578983358320944,25.144187009277672,16.630337515763163,0.016630337515763163,1.019276877337681,0.016630337515763163,280
24033,2035,mid,PJM,MD,"Prince George's, MD",0.00019125935519417468,24.562363153714877,16.172149051775584,0.016172149051775584,1.014673443943608,0.016172149051775584,281
48045,2035,mid,ERCOT,TX,"Briscoe, TX",0.0001831139533201966,23.51629500892541,15.553651544763989,0.015553651544763989,1.019276877337681,0.015553651544763989,282
34015,2035,mid,PJM,NJ,"Gloucester, NJ",0.0001823797897104402,23.422010506194702,15.421327444266947,0.015421327444266946,1.014673443943608,0.015421327444266946,283
41051,2035,mid,Non-ISO,OR,"Multnomah, OR",0.00018459190757482222,23.7061003603543,15.382658964568517,0.015382658964568518,1.0,0.015382658964568518,284
19001,2035,mid,MISO,IA,"Adair, IA",0.00017953415295226912,23.056561384049555,15.249584233054538,0.015249584233054538,1.019276877337681,0.015249584233054538,285
42071,2035,mid,PJM,PA,"Lancaster, PA",0.00017953415295226912,23.056561384049555,15.180711440131446,0.015180711440131446,1.014673443943608,0.015180711440131446,286
51041,2035,mid,PJM,VA,"Chesterfield, VA",0.00017953415295226912,23.056561384049555,15.180711440131446,0.015180711440131446,1.014673443943608,0.015180711440131446,287
13115,2035,mid,Non-ISO,GA,"Floyd, GA",0.00017953415295226912,23.056561384049555,14.961179412689091,0.014961179412689091,1.0,0.014961179412689091,288
29019,2035,mid,MISO,MO,"Boone, MO",0.00017540140182902605,22.525815404016516,14.898549428078457,0.014898549428078457,1.019276877337681,0.014898549428078457,289
51069,2035,mid,PJM,VA,"Frederick, VA",0.00017541501033567226,22.52756306797724,14.83241272139168,0.01483241272139168,1.014673443943608,0.01483241272139168,290
26049,2035,mid,MISO,MI,"Genesee, MI",0.0001636212079006299,21.012951361383447,13.897942821264461,0.013897942821264461,1.019276877337681,0.013897942821264461,291
13063,2035,mid,Non-ISO,GA,"Clayton, GA",0.00016158073765704217,20.750905245644596,13.46506147142018,0.01346506147142018,1.0,0.01346506147142018,292
12001,2035,mid,Non-ISO,FL,"Alachua, FL",0.0001615556761597913,20.747686738523587,13.46297301331594,0.01346297301331594,1.0,0.01346297301331594,293
35013,2035,mid,Non-ISO,NM,"Do帽a Ana, NM",0.0001414200731894219,18.161784511805756,11.78500609911849,0.01178500609911849,1.0,0.01178500609911849,294
35049,2035,mid,Non-ISO,NM,"Santa Fe, NM",0.0001409314527776106,18.099033740806647,11.74428773146755,0.011744287731467549,1.0,0.011744287731467549,295
33017,2035,mid,ISO-NE,NH,"Strafford, NH",0.0001357165403824609,17.429311875779792,11.412754051215222,0.011412754051215222,1.0091109619257697,0.011412754051215222,296
12031,2035,mid,Non-ISO,FL,"Duval, FL",0.00013415295506466474,17.228509408582646,11.179412922055395,0.011179412922055395,1.0,0.011179412922055395,297
13313,2035,mid,Non-ISO,GA,"Whitfield, GA",0.00012746924859611104,16.37015858267518,10.622437383009252,0.010622437383009253,1.0,0.010622437383009253,298
27137,2035,mid,MISO,MN,"St. Louis, MN",0.00012065370568744159,15.494876744343625,10.248294364359587,0.010248294364359587,1.019276877337681,0.010248294364359587,299
55079,2035,mid,MISO,WI,"Milwaukee, WI",0.00011593185570784692,14.888476111870416,9.847221655821402,0.009847221655821402,1.019276877337681,0.009847221655821402,300
34025,2035,mid,PJM,NJ,"Monmouth, NJ",0.00011506566497781779,14.777236108735632,9.729506213558647,0.009729506213558647,1.014673443943608,0.009729506213558647,301
41005,2035,mid,Non-ISO,OR,"Clackamas, OR",0.00011040156104689173,14.17825147647141,9.200130087240977,0.009200130087240977,1.0,0.009200130087240977,302
13157,2035,mid,Non-ISO,GA,"Jackson, GA",0.00010772049177136144,13.83393683042973,8.976707647613454,0.008976707647613453,1.0,0.008976707647613453,303
48015,2035,mid,ERCOT,TX,"Austin, TX",0.00010323502629129153,13.257893729567677,8.768756269171751,0.008768756269171752,1.019276877337681,0.008768756269171752,304
19121,2035,mid,MISO,IA,"Madison, IA",8.976707647613456e-05,11.528280692024778,7.624792116527269,0.007624792116527269,1.019276877337681,0.007624792116527269,305
36109,2035,mid,NYISO,NY,"Tompkins, NY",8.976707647613456e-05,11.528280692024778,7.5487450743413556,0.007548745074341356,1.0091109619257697,0.007548745074341356,306
22125,2035,mid,MISO,LA,"West Feliciana, LA",8.874589979426811e-05,11.397136714891506,7.538053634902029,0.00753805363490203,1.019276877337681,0.00753805363490203,307
37157,2035,mid,PJM,NC,"Rockingham, NC",8.88694057113732e-05,11.412997885104527,7.514452162865066,0.007514452162865066,1.014673443943608,0.007514452162865066,308
16065,2035,mid,Non-ISO,ID,"Madison, ID",8.11509663943697e-05,10.421762139842928,6.762580532864141,0.006762580532864141,1.0,0.006762580532864141,309
51680,2035,mid,PJM,VA,"Lynchburg, VA",7.997383540227885e-05,10.27058982789053,6.76227724941746,0.00676227724941746,1.014673443943608,0.00676227724941746,310
16019,2035,mid,Non-ISO,ID,"Bonneville, ID",5.386024588568072e-05,6.916968415214865,4.488353823806727,0.0044883538238067264,1.0,0.0044883538238067264,311
20051,2035,mid,SPP,KS,"Ellis, KS",5.081652282837537e-05,6.526080183907336,4.316342225472119,0.004316342225472119,1.019276877337681,0.004316342225472119,312
41017,2035,mid,Non-ISO,OR,"Deschutes, OR",4.996810011332119e-05,6.4171220269907,4.164008342776766,0.004164008342776766,1.0,0.004164008342776766,313
01069,2035,mid,Non-ISO,AL,"Houston, AL",4.768935219278304e-05,6.124475249513038,3.9741126827319198,0.00397411268273192,1.0,0.00397411268273192,314
55025,2035,mid,MISO,WI,"Dane, WI",4.075982635255003e-05,5.234555224434764,3.462129043787776,0.003462129043787776,1.019276877337681,0.003462129043787776,315
48477,2035,mid,ERCOT,TX,"Washington, TX",4.0395184414260543e-05,5.187726311411149,3.4311564524372704,0.0034311564524372703,1.019276877337681,0.0034311564524372703,316
55077,2035,mid,MISO,WI,"Marquette, WI",3.667762491205379e-05,4.710301055814936,3.1153879157100772,0.003115387915710077,1.019276877337681,0.003115387915710077,317
06005,2035,mid,CAISO,CA,"Amador, CA",3.680450135521518e-05,4.72659508373016,3.079689981051619,0.0030796899810516193,1.0041239090821903,0.0030796899810516193,318
33015,2035,mid,ISO-NE,NH,"Rockingham, NH",3.43500149503345e-05,4.411379201237362,2.8885813857247173,0.0028885813857247172,1.0091109619257697,0.0028885813857247172,319
48005,2035,mid,ERCOT,TX,"Angelina, TX",2.843714051110882e-05,3.652021996926329,2.415443315047989,0.0024154433150479888,1.019276877337681,0.0024154433150479888,320
48189,2035,mid,SPP,TX,"Hale, TX",2.729965489066447e-05,3.5059411170492765,2.318825582446069,0.002318825582446069,1.019276877337681,0.002318825582446069,321
06099,2035,mid,CAISO,CA,"Stanislaus, CA",2.6727536526078197e-05,3.432467173651262,2.2364798713918885,0.0022364798713918883,1.0041239090821903,0.0022364798713918883,322
55105,2035,mid,MISO,WI,"Rock, WI",2.244176911903364e-05,2.8820701730061944,1.9061980291318172,0.0019061980291318172,1.019276877337681,0.0019061980291318172,323
26065,2035,mid,MISO,MI,"Ingham, MI",2.1544098354272286e-05,2.766787366085946,1.829950107966544,0.0018299501079665438,1.019276877337681,0.0018299501079665438,324
05145,2035,mid,MISO,AR,"White, AR",2.03443771463251e-05,2.612713919781083,1.7280461007571941,0.001728046100757194,1.019276877337681,0.001728046100757194,325
53073,2035,mid,Non-ISO,WA,"Whatcom, WA",1.9153920143003022e-05,2.4598302231650724,1.5961600119169184,0.0015961600119169183,1.0,0.0015961600119169183,326
16007,2035,mid,Non-ISO,ID,"Bear Lake, ID",1.8127817278199284e-05,2.3280536040669433,1.5106514398499402,0.0015106514398499401,1.0,0.0015106514398499401,327
19103,2035,mid,MISO,IA,"Johnson, IA",1.2033388141789236e-05,1.5453803512416933,1.0221128574129343,0.0010221128574129344,1.019276877337681,0.0010221128574129344,328
37081,2035,mid,Non-ISO,NC,"Guilford, NC",8.976707647613454e-06,1.1528280692024775,0.7480589706344545,0.0007480589706344544,1.0,0.0007480589706344544,329
30093,2035,mid,Non-ISO,MT,"Silver Bow, MT",8.124897288888236e-06,1.0434348562646658,0.6770747740740196,0.0006770747740740196,1.0,0.0006770747740740196,330
30039,2035,mid,Non-ISO,MT,"Granite, MT",6.707425653046049e-06,0.8613969473514053,0.5589521377538373,0.0005589521377538373,1.0,0.0005589521377538373,331
53067,2035,mid,Non-ISO,WA,"Thurston, WA",5.8679704077544805e-06,0.7535904321343639,0.48899753397954,0.00048899753397954,1.0,0.00048899753397954,332
47057,2035,mid,Non-ISO,TN,"Grainger, TN",5.472548612286577e-06,0.7028086351900207,0.456045717690548,0.000456045717690548,1.0,0.000456045717690548,333
48141,2035,mid,Non-ISO,TX,"El Paso, TX",4.488353823806726e-06,0.5764140346012386,0.37402948531722713,0.0003740294853172271,1.0,0.0003740294853172271,334
55021,2035,mid,MISO,WI,"Columbia, WI",1.6035633514898164e-06,0.2059366211879849,0.13620625379330717,0.00013620625379330716,1.019276877337681,0.00013620625379330716,335
